,genes,in_group_fraction,out_group_fraction,in_out_group_ratio,in_group_mean_exp,out_group_mean_exp,fold_change,pvals_adj,target_dmain,neighbors
0,CCK,1.0,0.9859154929577465,1.0142857142857142,3.199706554412842,2.4839930534362793,2.0456457138061523,2.5058819484318407e-07,0.0,"[3, 1, 2]"
24,HLF,1.0,0.9507042253521126,1.0518518518518518,2.2368671894073486,1.7959873676300049,1.5540738105773926,0.009970764236644883,0.0,"[3, 1, 2]"
2,AQP4,1.0,0.971830985915493,1.0289855072463767,2.6307971477508545,2.0188381671905518,1.8440403938293457,2.8834350591344644e-05,0.0,"[3, 1, 2]"
3,SLC1A3,1.0,0.9859154929577465,1.0142857142857142,3.956103563308716,3.4201583862304688,1.7090628147125244,9.153085284955774e-05,0.0,"[3, 1, 2]"
4,PLA2G7,1.0,0.9577464788732394,1.0441176470588236,2.5135557651519775,1.9575855731964111,1.7436317205429077,0.00010020712261542974,0.0,"[3, 1, 2]"
5,DOC2G,1.0,0.9859154929577465,1.0142857142857142,3.350501775741577,2.813793182373047,1.7103679180145264,0.0002711397163427091,0.0,"[3, 1, 2]"
7,NCAN,1.0,0.8943661971830986,1.1181102362204725,1.7890716791152954,1.2740596532821655,1.6736586093902588,0.0008067309010080652,0.0,"[3, 1, 2]"
11,MT2,1.0,0.9788732394366197,1.0215827338129495,2.571497917175293,2.1458728313446045,1.5305466651916504,0.0013267273321006124,0.0,"[3, 1, 2]"
12,NRSN1,1.0,0.9859154929577465,1.0142857142857142,3.2515671253204346,2.7934672832489014,1.5810668468475342,0.0019123603282893006,0.0,"[3, 1, 2]"
1,SLC6A11,1.0,0.971830985915493,1.0289855072463767,3.4606857299804688,2.749497175216675,2.036410093307495,1.2713395958006902e-05,0.0,"[3, 1, 2]"
25,CDHR1,1.0,0.9859154929577465,1.0142857142857142,2.919455051422119,2.412198781967163,1.6607284545898438,0.01105861887102164,0.0,"[3, 1, 2]"
20,MLC1,1.0,0.9647887323943662,1.0364963503649633,2.5815489292144775,2.1370692253112793,1.5596784353256226,0.005153323536957365,0.0,"[3, 1, 2]"
21,PPAP2B,1.0,0.9788732394366197,1.0215827338129495,2.663728952407837,2.219724416732788,1.558937430381775,0.005153323536957365,0.0,"[3, 1, 2]"
6,SHISA9,0.9888888888888889,0.8380281690140845,1.1800186741363212,1.8421006202697754,1.2755098342895508,1.7622488737106323,0.0002711397163427091,0.0,"[3, 1, 2]"
16,IGFBP2,0.9888888888888889,0.9436619718309859,1.0479270315091211,2.008152723312378,1.5477725267410278,1.5846762657165527,0.003630787809512066,0.0,"[3, 1, 2]"
32,S1PR1,0.9777777777777777,0.8732394366197183,1.1197132616487455,1.8626651763916016,1.3943865299224854,1.5972423553466797,0.013199912735445856,0.0,"[3, 1, 2]"
42,SOX2,0.9666666666666667,0.8028169014084507,1.2040935672514619,1.5352660417556763,1.121969223022461,1.5117934942245483,0.01855903975187731,0.0,"[3, 1, 2]"
9,EOMES,0.9666666666666667,0.852112676056338,1.134435261707989,1.7049533128738403,1.165602684020996,1.714892864227295,0.0010518189872435542,0.0,"[3, 1, 2]"
14,NTSR2,0.9222222222222223,0.7605633802816901,1.2125514403292181,1.305551528930664,0.8742927312850952,1.539193868637085,0.002357251751522414,0.0,"[3, 1, 2]"
31,ISLR,0.9111111111111111,0.7816901408450704,1.1655655655655657,1.401674509048462,0.960751473903656,1.5541410446166992,0.012142508260862314,0.0,"[3, 1, 2]"
30,AI593442,0.8333333333333334,0.6830985915492958,1.2199312714776633,1.1160013675689697,0.710511326789856,1.5000373125076294,0.012142508260862314,0.0,"[3, 1, 2]"
13,LCAT,0.8333333333333334,0.5845070422535211,1.4257028112449799,1.0099546909332275,0.5754539966583252,1.544191837310791,0.0019123603282893006,0.0,"[3, 1, 2]"
2,OMP,0.9622641509433962,0.8666666666666667,1.1103047895500726,2.2886605262756348,1.191328525543213,2.996161699295044,3.590784754889285e-13,1.0,[0]
15,NUDT4,0.9622641509433962,0.9444444444444444,1.0188679245283019,2.3361053466796875,1.6328974962234497,2.0202229022979736,9.761998760723351e-11,1.0,[0]
41,VIM,0.9622641509433962,0.9555555555555556,1.0070206230802983,2.1800928115844727,1.6787818670272827,1.6508840322494507,2.256208862722087e-09,1.0,[0]
40,VTN,0.9622641509433962,0.9222222222222223,1.043418958854285,2.01863431930542,1.4151740074157715,1.8284348249435425,2.240805889165953e-09,1.0,[0]
22,MEST,0.9622641509433962,0.9111111111111111,1.0561435803037276,1.7962636947631836,1.1799062490463257,1.852169156074524,3.682938018989831e-10,1.0,[0]
11,GSN,0.9433962264150944,0.9222222222222223,1.0229597635826324,2.115492105484009,1.4085983037948608,2.0276830196380615,4.823984685358566e-11,1.0,[0]
13,FRZB,0.9433962264150944,0.9,1.0482180293501049,2.1862173080444336,1.3268613815307617,2.3616390228271484,6.343778402501189e-11,1.0,[0]
64,IFI27L1,0.9245283018867925,0.8444444444444444,1.0948361469712016,1.4620065689086914,1.0377812385559082,1.528405785560608,8.399472167231766e-09,1.0,[0]
28,ATF5,0.9245283018867925,0.8,1.1556603773584906,1.4981333017349243,0.8972674608230591,1.8236972093582153,7.074555088570383e-10,1.0,[0]
3,NR2F2,0.9245283018867925,0.7777777777777778,1.1886792452830188,2.2261807918548584,1.0943071842193604,3.101461887359619,3.9711699050526294e-13,1.0,[0]
23,FMO1,0.9245283018867925,0.7666666666666667,1.205906480721903,1.3583099842071533,0.8140721917152405,1.7232942581176758,3.682938018989831e-10,1.0,[0]
9,PMEPA1,0.9245283018867925,0.8555555555555555,1.0806174957118353,1.9991358518600464,1.1317616701126099,2.3806514739990234,4.9293758360155054e-12,1.0,[0]
4,LPAR1,0.9245283018867925,0.7111111111111111,1.3001179245283019,1.7283909320831299,0.8070254325866699,2.5127193927764893,1.0235273014404808e-12,1.0,[0]
20,NNAT,0.9056603773584906,0.7888888888888889,1.148020196651608,1.530998706817627,0.8413956165313721,1.992924451828003,3.0303609358074397e-10,1.0,[0]
17,FYCO1,0.8867924528301887,0.7,1.266846361185984,1.3836790323257446,0.6969628930091858,1.987179160118103,1.764036566341223e-10,1.0,[0]
66,RGCC,0.8867924528301887,0.8444444444444444,1.0501489572989078,1.577170491218567,1.0961713790893555,1.6176897287368774,9.272365049459502e-09,1.0,[0]
61,IGFBP7,0.8867924528301887,0.8333333333333334,1.0641509433962264,1.5346773862838745,1.0564991235733032,1.6131329536437988,8.056092021865994e-09,1.0,[0]
69,PTN,0.8679245283018868,0.8555555555555555,1.0144572408723354,1.838983416557312,1.2569098472595215,1.7897456884384155,1.3761351035495267e-08,1.0,[0]
68,AHNAK,0.8679245283018868,0.8333333333333334,1.0415094339622641,1.4827936887741089,1.0133466720581055,1.5991095304489136,1.1304899586684575e-08,1.0,[0]
47,SOX10,0.8679245283018868,0.7222222222222222,1.2017416545718433,1.2337795495986938,0.7659251093864441,1.5965648889541626,4.123130014848504e-09,1.0,[0]
19,TMEM132B,0.8679245283018868,0.5888888888888889,1.4738341046635814,1.2224245071411133,0.5674667358398438,1.9250611066818237,2.5566818241466477e-10,1.0,[0]
6,IGFBP4,0.8679245283018868,0.4111111111111111,2.11116777154513,1.3044860363006592,0.4054068326950073,2.457339286804199,4.9293758360155054e-12,1.0,[0]
26,IFITM3,0.8679245283018868,0.6666666666666666,1.3018867924528303,1.1687819957733154,0.6204860806465149,1.7303019762039185,4.013975193135972e-10,1.0,[0]
14,SH3PXD2A,0.8679245283018868,0.5555555555555556,1.562264150943396,1.3060033321380615,0.5273863077163696,2.178457260131836,8.852931573208224e-11,1.0,[0]
21,HMGCS2,0.8679245283018868,0.6888888888888889,1.2598904443091905,1.4546282291412354,0.6610226035118103,2.211355447769165,3.434049485146459e-10,1.0,[0]
73,WLS,0.8679245283018868,0.8,1.0849056603773584,1.4593106508255005,1.0086486339569092,1.5693507194519043,1.63360527646022e-08,1.0,[0]
36,ASPA,0.8490566037735849,0.5888888888888889,1.4417942328230686,1.1957927942276,0.6260238885879517,1.7678583860397339,1.6563308489385776e-09,1.0,[0]
31,BGN,0.8490566037735849,0.6111111111111112,1.3893653516295026,1.2953730821609497,0.6819736957550049,1.8466984033584595,1.0279346145087093e-09,1.0,[0]
44,TSPAN15,0.8301886792452831,0.5666666666666667,1.46503884572697,1.0814017057418823,0.5856649279594421,1.6417073011398315,3.910113353318589e-09,1.0,[0]
46,DCN,0.8301886792452831,0.5888888888888889,1.409754360982556,1.3764135837554932,0.6923297047615051,1.9819552898406982,4.0616430029382834e-09,1.0,[0]
10,FOXD3,0.8301886792452831,0.36666666666666664,2.264150943396227,1.195319652557373,0.366353839635849,2.2909481525421143,2.987681747446493e-11,1.0,[0]
49,HEY2,0.8113207547169812,0.7,1.1590296495956875,1.2851673364639282,0.7420905232429504,1.72129487991333,4.123130014848504e-09,1.0,[0]
12,CCND2,0.8113207547169812,0.4,2.0283018867924527,1.2481763362884521,0.4010891914367676,2.3328418731689453,6.175517978323918e-11,1.0,[0]
36,BAIAP2,1.0,0.9259259259259259,1.08,2.705160617828369,1.640394926071167,2.9001593589782715,0.012256040690349227,2.0,"[3, 4, 0]"
53,FAM163B,1.0,0.9938271604938271,1.0062111801242237,2.7454612255096436,1.8322135210037231,2.492403984069824,0.03033689909036346,2.0,"[3, 4, 0]"
49,PTPRO,1.0,0.9938271604938271,1.0062111801242237,2.9010913372039795,2.0928750038146973,2.2439019680023193,0.026969792865410423,2.0,"[3, 4, 0]"
54,PSD,1.0,0.9938271604938271,1.0062111801242237,2.7368085384368896,1.9465054273605347,2.20406436920166,0.0306371384654267,2.0,"[3, 4, 0]"
57,SYN1,1.0,0.9814814814814815,1.0188679245283019,2.981916904449463,2.1163218021392822,2.376420021057129,0.031899194313083364,2.0,"[3, 4, 0]"
46,CHCHD10,1.0,0.9876543209876543,1.0125,3.0666635036468506,2.385787010192871,1.9756085872650146,0.022852829781009616,2.0,"[3, 4, 0]"
60,MEIS2,1.0,0.9938271604938271,1.0062111801242237,3.8214046955108643,3.1150097846984863,2.026671886444092,0.033709937476171785,2.0,"[3, 4, 0]"
63,DESI1,1.0,0.9691358024691358,1.0318471337579618,2.6308822631835938,1.808935284614563,2.2749247550964355,0.03547904481040314,2.0,"[3, 4, 0]"
3,GDA,1.0,0.9814814814814815,1.0188679245283019,3.0509586334228516,1.9455877542495728,3.0203442573547363,2.7787263776206296e-06,2.0,"[3, 4, 0]"
35,ICAM5,1.0,0.9444444444444444,1.0588235294117647,2.7165534496307373,1.6356079578399658,2.947464942932129,0.011763984973919395,2.0,"[3, 4, 0]"
64,BIN1,1.0,0.9938271604938271,1.0062111801242237,3.0225212574005127,2.2807741165161133,2.0996007919311523,0.0381516284878252,2.0,"[3, 4, 0]"
30,GNAI1,1.0,0.9938271604938271,1.0062111801242237,3.188798666000366,2.507392644882202,1.9766548871994019,0.008739115038312697,2.0,"[3, 4, 0]"
28,STXBP6,1.0,0.9938271604938271,1.0062111801242237,2.9867124557495117,2.0861403942108154,2.461010456085205,0.006600713865963718,2.0,"[3, 4, 0]"
27,HIVEP2,1.0,0.9753086419753086,1.0253164556962024,2.973095417022705,2.2371363639831543,2.0874829292297363,0.006600713865963718,2.0,"[3, 4, 0]"
26,RBFOX3,1.0,0.9259259259259259,1.08,2.6081275939941406,1.5484057664871216,2.8855679035186768,0.004392332388915921,2.0,"[3, 4, 0]"
25,KCNJ4,1.0,0.9506172839506173,1.051948051948052,2.780101776123047,1.852051019668579,2.529573678970337,0.004360189302790778,2.0,"[3, 4, 0]"
20,UBE2QL1,1.0,0.9876543209876543,1.0125,3.3716113567352295,2.4302875995635986,2.5633723735809326,0.002378002882177548,2.0,"[3, 4, 0]"
19,SLC8A1,1.0,0.9938271604938271,1.0062111801242237,3.097017526626587,2.294259548187256,2.231687545776367,0.0021297954407304017,2.0,"[3, 4, 0]"
66,ANKS1B,1.0,0.9753086419753086,1.0253164556962024,2.905888319015503,2.090470552444458,2.260119676589966,0.04202163681492068,2.0,"[3, 4, 0]"
15,GPSM1,1.0,0.9382716049382716,1.0657894736842106,3.2859866619110107,2.0208182334899902,3.543689727783203,0.0012058443089376831,2.0,"[3, 4, 0]"
14,CACNB3,1.0,0.9753086419753086,1.0253164556962024,2.774035692214966,1.8900407552719116,2.4205503463745117,0.0011083848924081862,2.0,"[3, 4, 0]"
13,HPCAL4,1.0,0.9876543209876543,1.0125,3.1158881187438965,2.1995863914489746,2.5000274181365967,0.0010237870398968772,2.0,"[3, 4, 0]"
9,NCDN,1.0,0.9753086419753086,1.0253164556962024,3.328446865081787,2.188560724258423,3.1264123916625977,0.0006620615061245352,2.0,"[3, 4, 0]"
8,2010300C02RIK,1.0,0.9567901234567902,1.0451612903225806,2.639476776123047,1.560158371925354,2.9426729679107666,0.0005391994741514572,2.0,"[3, 4, 0]"
7,MAP2K1,1.0,0.9938271604938271,1.0062111801242237,3.774858236312866,2.985165596008301,2.2027194499969482,0.0005089852923432504,2.0,"[3, 4, 0]"
68,EGR1,1.0,0.9938271604938271,1.0062111801242237,3.0951993465423584,2.2339155673980713,2.366196393966675,0.045470052633182594,2.0,"[3, 4, 0]"
4,TIAM1,1.0,0.9506172839506173,1.051948051948052,2.7956840991973877,1.7593019008636475,2.819000005722046,1.489634355610556e-05,2.0,"[3, 4, 0]"
52,SNN,1.0,0.9876543209876543,1.0125,2.7539191246032715,1.9489234685897827,2.236686944961548,0.029776453340205993,2.0,"[3, 4, 0]"
0,ANO3,0.9787234042553191,0.7901234567901234,1.2386968085106382,1.9591606855392456,0.9552352428436279,2.728973388671875,6.4589685766832344e-09,2.0,"[3, 4, 0]"
48,FAM131B,0.9787234042553191,0.9567901234567902,1.022923816060398,2.5218453407287598,1.655470848083496,2.378272771835327,0.024416059434783317,2.0,"[3, 4, 0]"
34,YPEL5,0.9787234042553191,0.9691358024691358,1.009892939422686,3.0555922985076904,2.2159690856933594,2.3154945373535156,0.010201070950046095,2.0,"[3, 4, 0]"
47,DLC1,0.9574468085106383,0.8209876543209876,1.1662134058550633,1.8628268241882324,1.034780740737915,2.28884220123291,0.024085680541042754,2.0,"[3, 4, 0]"
39,PHYHIPL,0.9574468085106383,0.9012345679012346,1.0623724861556398,2.402376174926758,1.543427586555481,2.360677480697632,0.01593192047910702,2.0,"[3, 4, 0]"
62,RAB40B,0.9574468085106383,0.8148148148148148,1.1750483558994198,2.0364761352539062,1.1106154918670654,2.5240395069122314,0.03424277366733879,2.0,"[3, 4, 0]"
38,GRIA3,0.9574468085106383,0.9382716049382716,1.0204367301231805,2.6035280227661133,1.612443447113037,2.694154977798462,0.01272085988386101,2.0,"[3, 4, 0]"
65,ETL4,0.9574468085106383,0.8888888888888888,1.077127659574468,2.124983549118042,1.3481485843658447,2.1745786666870117,0.04191952500710022,2.0,"[3, 4, 0]"
18,PLCB1,0.9574468085106383,0.9382716049382716,1.0204367301231805,2.490899085998535,1.5398228168487549,2.588494062423706,0.0020686907025565236,2.0,"[3, 4, 0]"
67,DNAJB5,0.9574468085106383,0.9320987654320988,1.027194589263069,2.1423165798187256,1.3534696102142334,2.200857162475586,0.04308390280956539,2.0,"[3, 4, 0]"
73,SMARCD1,0.9574468085106383,0.9320987654320988,1.027194589263069,2.433885335922241,1.5891591310501099,2.3273403644561768,0.04991228098571609,2.0,"[3, 4, 0]"
6,GCNT1,0.9361702127659575,0.5802469135802469,1.6133997283838841,1.7384240627288818,0.6460698246955872,2.9812843799591064,5.719321499849073e-05,2.0,"[3, 4, 0]"
0,NTNG1,1.0,0.844311377245509,1.1843971631205674,2.1240005493164062,1.121005654335022,2.7264349460601807,0.0024087343317742717,3.0,"[0, 2, 4]"
1,SLC17A7,1.0,0.9820359281437125,1.0182926829268293,3.0647125244140625,2.0002784729003906,2.899197578430176,0.002539738237919132,3.0,"[0, 2, 4]"
3,RELN,1.0,0.9940119760479041,1.0060240963855422,2.957514762878418,2.034935235977173,2.5157716274261475,0.007875502447403227,3.0,"[0, 2, 4]"
4,SV2B,0.9761904761904762,0.8982035928143712,1.086825396825397,2.121807098388672,1.2392611503601074,2.4170455932617188,0.013313953016131235,3.0,"[0, 2, 4]"
2,SCUBE1,0.9523809523809523,0.8562874251497006,1.112221112221112,1.7979391813278198,1.0055853128433228,2.2085890769958496,0.0065512480157762076,3.0,"[0, 2, 4]"
6,SHISA3,0.9523809523809523,0.9221556886227545,1.0327767470624611,2.2283568382263184,1.3908253908157349,2.3106560707092285,0.022299609071975778,3.0,"[0, 2, 4]"
0,NRGN,1.0,0.9775280898876404,1.0229885057471264,3.504669666290283,2.530132532119751,2.6499404907226562,0.0015015178980083098,4.0,"[2, 3]"
4,NNAT,1.0,0.7528089887640449,1.328358208955224,1.6175810098648071,0.8747280836105347,2.101923704147339,0.009156480095222035,4.0,"[2, 3]"
6,CAMK4,0.9666666666666667,0.8539325842696629,1.1320175438596491,2.1501541137695312,1.2632254362106323,2.4276621341705322,0.01563843787596908,4.0,"[2, 3]"
13,LRP8,0.9666666666666667,0.898876404494382,1.0754166666666667,2.0736918449401855,1.3773771524429321,2.00634503364563,0.04501210392824101,4.0,"[2, 3]"
3,DLX1AS,0.9333333333333333,0.7752808988764045,1.203864734299517,1.7701621055603027,0.9585757255554199,2.251476764678955,0.0021576695933278344,4.0,"[2, 3]"
10,NECAB2,0.9333333333333333,0.8314606741573034,1.1225225225225226,2.105989933013916,1.2997581958770752,2.239453077316284,0.041529997610447705,4.0,"[2, 3]"
12,SOX11,0.9,0.8202247191011236,1.0972602739726027,2.0545566082000732,1.114237666130066,2.560798168182373,0.04501210392824101,4.0,"[2, 3]"
